{
    "metrics": {
        "loss": 0.5422276854515076,
        "accuracy": 0.8413466811180115,
        "val_loss": 0.4961692690849304,
        "val_accuracy": 0.86014324426651
    }
}