{
    "metrics": {
        "loss": 0.004912693984806538,
        "accuracy": 0.9998438954353333,
        "val_loss": 0.004125426057726145,
        "val_accuracy": 0.9998785853385925
    }
}