{
    "metrics": {
        "loss": 0.00031516834860667586,
        "accuracy": 1.0,
        "val_loss": 0.00035924537223763764,
        "val_accuracy": 1.0
    }
}