{
    "metrics": {
        "loss": 0.4455828368663788,
        "accuracy": 0.8601311445236206,
        "val_loss": 0.41946056485176086,
        "val_accuracy": 0.8725264072418213
    }
}