{
    "metrics": {
        "loss": 0.6012004017829895,
        "accuracy": 0.8305234909057617,
        "val_loss": 0.46857011318206787,
        "val_accuracy": 0.8683986663818359
    }
}