{
    "metrics": {
        "loss": 1.4003365322423633e-05,
        "accuracy": 1.0,
        "val_loss": 5.2844174206256866e-05,
        "val_accuracy": 1.0
    }
}