{
    "metrics": {
        "loss": 0.0010364901972934604,
        "accuracy": 1.0,
        "val_loss": 0.0011049465974792838,
        "val_accuracy": 0.9998785853385925
    }
}