{
    "metrics": {
        "loss": 0.40183383226394653,
        "accuracy": 0.8986366987228394,
        "val_loss": 0.306176096200943,
        "val_accuracy": 0.93140709400177
    }
}