{
    "metrics": {
        "loss": 0.03622591868042946,
        "accuracy": 0.9984909892082214,
        "val_loss": 0.03598477318882942,
        "val_accuracy": 0.9980575442314148
    }
}