{
    "metrics": {
        "loss": 0.08108552545309067,
        "accuracy": 0.9778853058815002,
        "val_loss": 0.034195005893707275,
        "val_accuracy": 0.9956294894218445
    }
}