{
    "metrics": {
        "loss": 3.1816117763519287,
        "accuracy": 0.04745551198720932,
        "val_loss": 3.1813037395477295,
        "val_accuracy": 0.04637610912322998
    }
}