{
    "metrics": {
        "loss": 2.9316887855529785,
        "accuracy": 0.09319388121366501,
        "val_loss": 2.902097463607788,
        "val_accuracy": 0.10270729660987854
    }
}