{
    "metrics": {
        "loss": 1.0131077766418457,
        "accuracy": 0.6669268608093262,
        "val_loss": 0.9935424327850342,
        "val_accuracy": 0.6737890243530273
    }
}