{
    "metrics": {
        "loss": 0.0006428950000554323,
        "accuracy": 1.0,
        "val_loss": 0.0006193306762725115,
        "val_accuracy": 1.0
    }
}