{
    "metrics": {
        "loss": 0.36566585302352905,
        "accuracy": 0.8912478089332581,
        "val_loss": 0.2990111708641052,
        "val_accuracy": 0.9034842848777771
    }
}