{
    "metrics": {
        "loss": 0.0064717489294707775,
        "accuracy": 0.9998959302902222,
        "val_loss": 0.005870976950973272,
        "val_accuracy": 0.9998785853385925
    }
}