{
    "metrics": {
        "loss": 0.30554482340812683,
        "accuracy": 0.9208554625511169,
        "val_loss": 0.27333226799964905,
        "val_accuracy": 0.9367488026618958
    }
}