{
    "metrics": {
        "loss": 2.250570774078369,
        "accuracy": 0.2832760810852051,
        "val_loss": 2.1200878620147705,
        "val_accuracy": 0.32766783237457275
    }
}