{
    "metrics": {
        "loss": 2.0833303928375244,
        "accuracy": 0.2853054404258728,
        "val_loss": 2.07637095451355,
        "val_accuracy": 0.28978997468948364
    }
}