{
    "metrics": {
        "loss": 0.02692260779440403,
        "accuracy": 0.9994796514511108,
        "val_loss": 0.02237432636320591,
        "val_accuracy": 0.9997571706771851
    }
}