{
    "metrics": {
        "loss": 2.548391580581665,
        "accuracy": 0.1363825649023056,
        "val_loss": 2.534426689147949,
        "val_accuracy": 0.14252762496471405
    }
}