{
    "metrics": {
        "loss": 2.5893020629882812,
        "accuracy": 0.12295764684677124,
        "val_loss": 2.5940327644348145,
        "val_accuracy": 0.11314798891544342
    }
}