{
    "metrics": {
        "loss": 3.1772007942199707,
        "accuracy": 0.04745551198720932,
        "val_loss": 3.177300453186035,
        "val_accuracy": 0.04637610912322998
    }
}