{
    "metrics": {
        "loss": 0.5464680194854736,
        "accuracy": 0.8198564052581787,
        "val_loss": 0.4944910407066345,
        "val_accuracy": 0.8439965844154358
    }
}