{
    "metrics": {
        "loss": 0.5940840840339661,
        "accuracy": 0.8088250756263733,
        "val_loss": 0.5689124464988708,
        "val_accuracy": 0.8180162906646729
    }
}