{
    "metrics": {
        "loss": 0.140188068151474,
        "accuracy": 0.965501070022583,
        "val_loss": 0.140268936753273,
        "val_accuracy": 0.9628505706787109
    }
}