epoch,loss,accuracy,val_loss,val_accuracy
0,2.365269422531128,0.2815069258213043,1.3006564378738403,0.5787301063537598
1,0.8422465324401855,0.7284317016601562,0.5411468148231506,0.8251790404319763
2,0.36566585302352905,0.8912478089332581,0.2990111708641052,0.9034842848777771
