epoch,loss,accuracy,val_loss,val_accuracy
0,3.084244728088379,0.0806015208363533,2.8634657859802246,0.14349885284900665
1,2.6266534328460693,0.19101883471012115,2.4120993614196777,0.21682651340961456
2,2.250570774078369,0.2832760810852051,2.1200878620147705,0.32766783237457275
