epoch,loss,accuracy,val_loss,val_accuracy
0,2.6650421619415283,0.2921219766139984,1.7886066436767578,0.5276193022727966
1,1.3369899988174438,0.618794858455658,1.0572420358657837,0.6900570392608643
2,0.9034135341644287,0.7255697846412659,0.7989859580993652,0.7516086101531982
3,0.6871286630630493,0.791497528553009,0.6035544872283936,0.8232366442680359
4,0.5422276854515076,0.8413466811180115,0.4961692690849304,0.86014324426651
