epoch,loss,accuracy,val_loss,val_accuracy
0,2.221496820449829,0.35695701837539673,1.2032277584075928,0.651936411857605
1,0.8137946128845215,0.772036612033844,0.545326828956604,0.8588078022003174
2,0.40183383226394653,0.8986366987228394,0.306176096200943,0.93140709400177
