epoch,loss,accuracy,val_loss,val_accuracy
0,2.451936721801758,0.248569056391716,1.630480170249939,0.46546071767807007
1,1.2711325883865356,0.5777916312217712,1.0137736797332764,0.6733033657073975
2,0.8848869800567627,0.7086585760116577,0.7558562755584717,0.7455384135246277
3,0.6830547451972961,0.7746903896331787,0.6178202033042908,0.8004127740859985
4,0.5464680194854736,0.8198564052581787,0.4944910407066345,0.8439965844154358
