epoch,loss,accuracy,val_loss,val_accuracy
0,2.5650925636291504,0.2247372269630432,1.8207279443740845,0.3994172513484955
1,1.486427664756775,0.5116037130355835,1.2726391553878784,0.5675610303878784
2,1.0966538190841675,0.6395566463470459,0.9651733040809631,0.6774311065673828
3,0.8691762685775757,0.7198459506034851,0.7757350206375122,0.7505159378051758
4,0.6988540291786194,0.7796857357025146,0.659221351146698,0.7880296111106873
5,0.5744860768318176,0.8265688419342041,0.5078573226928711,0.8589292168617249
6,0.4602605998516083,0.869913637638092,0.4442567229270935,0.8660920262336731
7,0.3783513009548187,0.8954625725746155,0.3457473814487457,0.9096758365631104
8,0.30554482340812683,0.9208554625511169,0.27333226799964905,0.9367488026618958
