epoch,loss,accuracy,val_loss,val_accuracy
0,2.0110738277435303,0.4169008135795593,0.975770890712738,0.7082675695419312
1,0.6679267287254333,0.8119471073150635,0.4570332169532776,0.8783537745475769
2,0.34459033608436584,0.9106046557426453,0.2465301901102066,0.9510744214057922
3,0.1821615993976593,0.9654490351676941,0.13378432393074036,0.9830034971237183
4,0.10133428126573563,0.9886044263839722,0.07466145604848862,0.9939298033714294
5,0.058032047003507614,0.9964095950126648,0.05488082021474838,0.9959936738014221
6,0.03622591868042946,0.9984909892082214,0.03598477318882942,0.9980575442314148
