epoch,loss,accuracy,val_loss,val_accuracy
0,3.2131848335266113,0.0461026132106781,3.207198143005371,0.04637610912322998
1,3.2032532691955566,0.04745551198720932,3.19970965385437,0.04637610912322998
2,3.140465497970581,0.06400249898433685,3.046849250793457,0.07296346127986908
3,3.0051331520080566,0.0841398686170578,2.9590837955474854,0.07490590959787369
4,2.9316887855529785,0.09319388121366501,2.902097463607788,0.10270729660987854
