epoch,loss,accuracy,val_loss,val_accuracy
0,2.28839111328125,0.3378603458404541,1.3993315696716309,0.5588199496269226
1,1.0472168922424316,0.6914350986480713,0.7717843055725098,0.7780745625495911
2,0.6012004017829895,0.8305234909057617,0.46857011318206787,0.8683986663818359
