{
    "metrics": {
        "loss": 0.6534470915794373,
        "accuracy": 0.901282787322998
    }
}