{
    "metrics": {
        "loss": 2.2784905433654785,
        "accuracy": 0.22030116617679596
    }
}