{
    "metrics": {
        "loss": 0.46155455708503723,
        "accuracy": 0.8938929438591003
    }
}