{
    "metrics": {
        "loss": 3.2061381340026855,
        "accuracy": 0.020078081637620926
    }
}