{
    "metrics": {
        "loss": 1.1289496421813965,
        "accuracy": 0.6564416885375977
    }
}