{
    "metrics": {
        "loss": 1.095274806022644,
        "accuracy": 0.7711935043334961
    }
}