{
    "metrics": {
        "loss": 0.4847266972064972,
        "accuracy": 0.9022588133811951
    }
}