{
    "metrics": {
        "loss": 0.7247856259346008,
        "accuracy": 0.744701623916626
    }
}