{
    "metrics": {
        "loss": 1.021499514579773,
        "accuracy": 0.6656441688537598
    }
}