{
    "metrics": {
        "loss": 2.9518086910247803,
        "accuracy": 0.07320133596658707
    }
}