{
    "metrics": {
        "loss": 1.3953019380569458,
        "accuracy": 0.7225320935249329
    }
}