{
    "metrics": {
        "loss": 3.2019245624542236,
        "accuracy": 0.020078081637620926
    }
}