{
    "metrics": {
        "loss": 2.6818621158599854,
        "accuracy": 0.09035136550664902
    }
}