{
    "metrics": {
        "loss": 0.5756403207778931,
        "accuracy": 0.9005855917930603
    }
}