{
    "metrics": {
        "loss": 0.8400397300720215,
        "accuracy": 0.7448410391807556
    }
}