{
    "metrics": {
        "loss": 2.2621943950653076,
        "accuracy": 0.2824874520301819
    }
}