{
    "metrics": {
        "loss": 1.0357357263565063,
        "accuracy": 0.7654768824577332
    }
}