{
    "metrics": {
        "loss": 2.6786205768585205,
        "accuracy": 0.07933630794286728
    }
}