{
    "metrics": {
        "loss": 1.179078459739685,
        "accuracy": 0.8326826691627502
    }
}