{
    "metrics": {
        "loss": 1.4531387090682983,
        "accuracy": 0.5333240628242493
    }
}