{
    "metrics": {
        "loss": 1.1894596815109253,
        "accuracy": 0.7426101565361023
    }
}