{
    "metrics": {
        "loss": 0.9640459418296814,
        "accuracy": 0.7193251252174377
    }
}