{
    "metrics": {
        "loss": 1.149766206741333,
        "accuracy": 0.6698271036148071
    }
}