{
    "metrics": {
        "loss": 0.8507236838340759,
        "accuracy": 0.7859732508659363
    }
}