{
    "metrics": {
        "loss": 1.0120806694030762,
        "accuracy": 0.6632738709449768
    }
}