{
    "metrics": {
        "loss": 0.999273955821991,
        "accuracy": 0.6670385003089905
    }
}